{
	"cs_agency": [
		{
			"name": ["Unnamed", "RIP ESP"],
			"weapon": "weapon_wallbang",
			"position": [-1014.8343505859, 1292.396484375, 512.03125],
			"viewangles": [0.82014405727386, -103.13356018066],
		},
	],
}