{
	"cs_militia": [
		{
			"name": ["Unnamed", "RIP ESP"],
			"weapon": "weapon_wallbang",
			"position": [683.43725585938, 968.97320556641, 145.12261962891],
			"viewangles": [31.154043197632, -24.441198348999],
		},
	],
}